country,latitude,longitude,value,type
Bangladesh,20.8583,92.2977,1,incidents
Bangladesh,21.245,92.1375,1,incidents
Bangladesh,21.4397,92.0095,3,incidents
Bangladesh,21.5106,91.9638,1,incidents
Bangladesh,21.7866,92.0783,1,incidents
Bangladesh,21.8233,90.1212,2,incidents
Bangladesh,21.9048,92.0664,1,incidents
Bangladesh,21.9845,90.2296,3,incidents
Bangladesh,21.9997,92.102,1,incidents
Bangladesh,22.045,89.9683,2,incidents
Bangladesh,22.1333,90.1333,2,incidents
Bangladesh,22.1356,90.2274,1,incidents
Bangladesh,22.1624,92.0679,1,incidents
Bangladesh,22.1686,90.4143,4,incidents
Bangladesh,22.1953,92.2195,1,incidents
Bangladesh,22.2119,92.0641,1,incidents
Bangladesh,22.2866,89.9666,1,incidents
Bangladesh,22.31,89.7911,1,incidents
Bangladesh,22.3211,91.8575,1,incidents
Bangladesh,22.3408,89.1176,1,incidents
Bangladesh,22.3571,91.7823,19,incidents
Bangladesh,22.3683,90.3458,8,incidents
Bangladesh,22.4159,90.5594,5,incidents
Bangladesh,22.4206,90.8517,1,incidents
Bangladesh,22.4382,89.8508,2,incidents
Bangladesh,22.4668,89.9666,1,incidents
Bangladesh,22.4722,89.611,1,incidents
Bangladesh,22.4755,92.0813,3,incidents
Bangladesh,22.4822,91.8142,4,incidents
Bangladesh,22.489,90.0627,1,incidents
Bangladesh,22.55,90.13,1,incidents
Bangladesh,22.5555,88.9624,2,incidents
Bangladesh,22.5796,89.9752,1,incidents
Bangladesh,22.5831,89.3285,1,incidents
Bangladesh,22.6033,91.6594,1,incidents
Bangladesh,22.6151,90.3676,1,incidents
Bangladesh,22.62,91.6578,2,incidents
Bangladesh,22.6256,90.06,1,incidents
Bangladesh,22.6409,90.1985,1,incidents
Bangladesh,22.6432,92.1919,1,incidents
Bangladesh,22.6493,91.0615,2,incidents
Bangladesh,22.6566,89.7912,1,incidents
Bangladesh,22.6876,90.644,4,incidents
Bangladesh,22.705,90.3701,16,incidents
Bangladesh,22.7082,89.0719,9,incidents
Bangladesh,22.7371,89.9589,1,incidents
Bangladesh,22.7785,91.57,1,incidents
Bangladesh,22.7889,90.0581,1,incidents
Bangladesh,22.8097,89.5643,8,incidents
Bangladesh,22.8333,89.5833,1,incidents
Bangladesh,22.8667,91.1,6,incidents
Bangladesh,22.8724,91.0919,1,incidents
Bangladesh,22.873,91.2782,2,incidents
Bangladesh,22.9042,91.1039,1,incidents
Bangladesh,22.9073,89.2195,1,incidents
Bangladesh,22.9443,90.8301,1,incidents
Bangladesh,22.9469,91.0754,1,incidents
Bangladesh,22.9511,89.8224,1,incidents
Bangladesh,22.97,90.11,1,incidents
Bangladesh,22.9728,90.2171,3,incidents
Bangladesh,22.9729,91.4735,1,incidents
Bangladesh,22.975,89.4583,1,incidents
Bangladesh,22.991,91.2334,1,incidents
Bangladesh,23.0144,91.3966,6,incidents
Bangladesh,23.0403,88.8862,1,incidents
Bangladesh,23.043,89.6309,1,incidents
Bangladesh,23.052,88.9555,1,incidents
Bangladesh,23.0635,90.9716,2,incidents
Bangladesh,23.1079,91.9701,1,incidents
Bangladesh,23.1113,89.0906,1,incidents
Bangladesh,23.1333,90.4333,1,incidents
Bangladesh,23.1551,89.4952,1,incidents
Bangladesh,23.1666,89.9166,1,incidents
Bangladesh,23.1697,89.2137,6,incidents
Bangladesh,23.171,90.2094,1,incidents
Bangladesh,23.1998,89.6644,3,incidents
Bangladesh,23.21,90.35,8,incidents
Bangladesh,23.224,89.1634,1,incidents
Bangladesh,23.2271,90.6543,1,incidents
Bangladesh,23.2273,92.0339,1,incidents
Bangladesh,23.26,90.83,1,incidents
Bangladesh,23.2853,88.8194,1,incidents
Bangladesh,23.289,89.706,1,incidents
Bangladesh,23.3475,90.2993,1,incidents
Bangladesh,23.3684,89.99,2,incidents
Bangladesh,23.3777,91.0547,1,incidents
Bangladesh,23.4096,89.138,1,incidents
Bangladesh,23.44,90.95,2,incidents
Bangladesh,23.4488,90.6348,1,incidents
Bangladesh,23.4619,91.185,9,incidents
Bangladesh,23.487,89.4159,4,incidents
Bangladesh,23.4874,90.9915,1,incidents
Bangladesh,23.5354,90.7125,1,incidents
Bangladesh,23.5417,90.5934,1,incidents
Bangladesh,23.5424,90.7897,1,incidents
Bangladesh,23.5425,89.1749,2,incidents
Bangladesh,23.5517,90.5345,4,incidents
Bangladesh,23.5534,91.129,1,incidents
Bangladesh,23.5926,90.895,1,incidents
Bangladesh,23.6061,89.8406,3,incidents
Bangladesh,23.6135,90.503,7,incidents
Bangladesh,23.6173,90.5283,1,incidents
Bangladesh,23.6266,90.4994,1,incidents
Bangladesh,23.6419,90.6024,1,incidents
Bangladesh,23.643,88.8529,2,incidents
Bangladesh,23.6678,90.1083,1,incidents
Bangladesh,23.684,89.2422,1,incidents
Bangladesh,23.6912,90.5149,2,incidents
Bangladesh,23.694,90.3025,2,incidents
Bangladesh,23.7052,90.4232,1,incidents
Bangladesh,23.7106,90.4088,1,incidents
Bangladesh,23.7181,90.4031,1,incidents
Bangladesh,23.7191,90.3771,1,incidents
Bangladesh,23.7196,90.4432,3,incidents
Bangladesh,23.7244,90.4809,1,incidents
Bangladesh,23.7317,90.3959,41,incidents
Bangladesh,23.7333,90.4125,53,incidents
Bangladesh,23.7362,90.3835,4,incidents
Bangladesh,23.7363,90.4232,3,incidents
Bangladesh,23.7435,90.3737,5,incidents
Bangladesh,23.7454,90.4023,4,incidents
Bangladesh,23.7481,91.1328,2,incidents
Bangladesh,23.7597,89.646,7,incidents
Bangladesh,23.7601,90.4193,1,incidents
Bangladesh,23.7602,90.3509,1,incidents
Bangladesh,23.7626,90.3913,11,incidents
Bangladesh,23.7656,90.3879,19,incidents
Bangladesh,23.7667,89.4833,1,incidents
Bangladesh,23.7724,90.6369,1,incidents
Bangladesh,23.7728,90.3751,2,incidents
Bangladesh,23.7736,90.5693,2,incidents
Bangladesh,23.7769,88.6303,4,incidents
Bangladesh,23.7852,90.4387,2,incidents
Bangladesh,23.7866,90.3286,1,incidents
Bangladesh,23.7891,90.4086,3,incidents
Bangladesh,23.7931,90.3629,2,incidents
Bangladesh,23.8081,90.1433,1,incidents
Bangladesh,23.8244,90.5163,2,incidents
Bangladesh,23.8252,90.3666,2,incidents
Bangladesh,23.8363,90.4423,1,incidents
Bangladesh,23.8486,90.25,13,incidents
Bangladesh,23.8577,90.0096,2,incidents
Bangladesh,23.8613,89.242,3,incidents
Bangladesh,23.869,90.3942,3,incidents
Bangladesh,23.8724,91.2076,2,incidents
Bangladesh,23.8915,90.4023,1,incidents
Bangladesh,23.8964,90.3262,3,incidents
Bangladesh,23.9028,89.1194,16,incidents
Bangladesh,23.917,90.0752,1,incidents
Bangladesh,23.923,90.7177,3,incidents
Bangladesh,23.924,90.2114,3,incidents
Bangladesh,23.9309,90.579,1,incidents
Bangladesh,23.95,90.625,1,incidents
Bangladesh,23.9511,90.8687,2,incidents
Bangladesh,23.9746,91.1123,8,incidents
Bangladesh,23.9821,90.2948,1,incidents
Bangladesh,23.9984,90.4223,7,incidents
Bangladesh,24.0064,89.2372,6,incidents
Bangladesh,24.0144,91.2356,1,incidents
Bangladesh,24.0401,91.0117,2,incidents
Bangladesh,24.0532,89.5623,3,incidents
Bangladesh,24.0632,91.109,1,incidents
Bangladesh,24.0696,90.2221,1,incidents
Bangladesh,24.0782,89.6326,1,incidents
Bangladesh,24.1003,91.295,1,incidents
Bangladesh,24.1028,90.0984,1,incidents
Bangladesh,24.114,90.5615,4,incidents
Bangladesh,24.1457,90.7042,1,incidents
Bangladesh,24.1556,88.9653,1,incidents
Bangladesh,24.1768,89.5988,1,incidents
Bangladesh,24.1973,91.1947,1,incidents
Bangladesh,24.1978,88.8464,1,incidents
Bangladesh,24.1987,90.439,1,incidents
Bangladesh,24.2167,89.3667,3,incidents
Bangladesh,24.2316,90.0674,1,incidents
Bangladesh,24.2498,89.9166,7,incidents
Bangladesh,24.2703,90.3442,2,incidents
Bangladesh,24.2821,88.7585,1,incidents
Bangladesh,24.2981,89.7041,1,incidents
Bangladesh,24.3163,89.1851,1,incidents
Bangladesh,24.3166,88.952,1,incidents
Bangladesh,24.3198,90.1694,1,incidents
Bangladesh,24.3227,91.7118,1,incidents
Bangladesh,24.3232,90.6749,2,incidents
Bangladesh,24.3487,91.8144,3,incidents
Bangladesh,24.3654,88.8343,1,incidents
Bangladesh,24.374,88.6011,34,incidents
Bangladesh,24.3804,91.413,5,incidents
Bangladesh,24.4047,89.2585,1,incidents
Bangladesh,24.4111,88.9867,5,incidents
Bangladesh,24.4338,90.7847,2,incidents
Bangladesh,24.4417,88.6283,1,incidents
Bangladesh,24.4511,89.6704,1,incidents
Bangladesh,24.4577,89.708,3,incidents
Bangladesh,24.4604,89.8727,2,incidents
Bangladesh,24.4678,90.8705,1,incidents
Bangladesh,24.4889,91.7708,1,incidents
Bangladesh,24.4953,89.9701,1,incidents
Bangladesh,24.5026,89.1462,2,incidents
Bangladesh,24.5073,89.5273,2,incidents
Bangladesh,24.5186,91.3578,2,incidents
Bangladesh,24.5247,92.0357,2,incidents
Bangladesh,24.55,88.64,1,incidents
Bangladesh,24.5621,90.3813,1,incidents
Bangladesh,24.5632,89.9277,1,incidents
Bangladesh,24.5667,91.5167,2,incidents
Bangladesh,24.59,88.82,1,incidents
Bangladesh,24.5901,90.6692,2,incidents
Bangladesh,24.5903,88.2744,1,incidents
Bangladesh,24.6337,89.2304,1,incidents
Bangladesh,24.644,90.0129,1,incidents
Bangladesh,24.6456,90.8362,1,incidents
Bangladesh,24.6765,89.4159,1,incidents
Bangladesh,24.685,88.1564,1,incidents
Bangladesh,24.695,90.6039,1,incidents
Bangladesh,24.7513,89.8313,2,incidents
Bangladesh,24.7564,90.4065,1,incidents
Bangladesh,24.7666,89.4,1,incidents
Bangladesh,24.7733,90.5679,1,incidents
Bangladesh,24.7794,88.3008,2,incidents
Bangladesh,24.7864,91.36,1,incidents
Bangladesh,24.7989,88.7028,1,incidents
Bangladesh,24.8002,89.0417,2,incidents
Bangladesh,24.8042,88.9488,3,incidents
Bangladesh,24.8089,88.987,3,incidents
Bangladesh,24.8456,91.9615,1,incidents
Bangladesh,24.8471,89.3728,1,incidents
Bangladesh,24.853,89.3732,8,incidents
Bangladesh,24.8835,90.729,5,incidents
Bangladesh,24.8957,91.0084,1,incidents
Bangladesh,24.8971,88.2191,1,incidents
Bangladesh,24.899,91.872,12,incidents
Bangladesh,24.9197,89.9481,8,incidents
Bangladesh,24.956,90.3668,1,incidents
Bangladesh,24.96,89.83,1,incidents
Bangladesh,25.0188,90.0175,2,incidents
Bangladesh,25.0385,91.6695,1,incidents
Bangladesh,25.0405,88.7598,1,incidents
Bangladesh,25.0688,91.4024,6,incidents
Bangladesh,25.089,90.1935,2,incidents
Bangladesh,25.0937,91.7487,1,incidents
Bangladesh,25.0945,89.0229,2,incidents
Bangladesh,25.103,91.1975,1,incidents
Bangladesh,25.1643,89.7637,1,incidents
Bangladesh,25.1849,89.8693,8,incidents
Bangladesh,25.1864,89.0191,1,incidents
Bangladesh,25.2125,89.8246,1,incidents
Bangladesh,25.2482,89.6736,2,incidents
Bangladesh,25.2826,89.0191,2,incidents
Bangladesh,25.3353,89.5419,4,incidents
Bangladesh,25.389,88.9933,1,incidents
Bangladesh,25.4388,89.7944,1,incidents
Bangladesh,25.5416,89.2833,1,incidents
Bangladesh,25.5561,89.6709,2,incidents
Bangladesh,25.568,89.5222,1,incidents
Bangladesh,25.5754,89.8306,1,incidents
Bangladesh,25.6274,88.6377,2,incidents
Bangladesh,25.6556,88.7782,1,incidents
Bangladesh,25.656,88.9162,1,incidents
Bangladesh,25.6741,89.0537,1,incidents
Bangladesh,25.6769,89.5987,1,incidents
Bangladesh,25.7466,89.2516,10,incidents
Bangladesh,25.7781,88.8975,2,incidents
Bangladesh,25.8036,89.5402,1,incidents
Bangladesh,25.8115,89.6428,5,incidents
Bangladesh,25.8411,89.5306,1,incidents
Bangladesh,25.8558,88.3594,1,incidents
Bangladesh,25.8623,88.6539,1,incidents
Bangladesh,25.891,88.2653,1,incidents
Bangladesh,25.9171,89.4459,9,incidents
Bangladesh,25.925,88.7313,1,incidents
Bangladesh,25.9257,89.3578,1,incidents
Bangladesh,25.949,89.5559,1,incidents
Bangladesh,25.9666,88.95,2,incidents
Bangladesh,26.021,88.4677,10,incidents
Bangladesh,26.0222,89.0158,1,incidents
Bangladesh,26.1021,88.8196,1,incidents
Bangladesh,26.1184,88.7595,1,incidents
Bangladesh,26.12,89.14,3,incidents
Bangladesh,26.131,88.3743,2,incidents
Bangladesh,26.1998,88.5552,1,incidents
Bangladesh,26.3083,88.3994,1,incidents
Bangladesh,26.3334,88.5578,1,incidents
Bangladesh,26.4008,88.9369,1,incidents
India,8.3828,76.9889,1,incidents
India,8.4855,76.9492,10,incidents
India,8.6982,76.8137,1,incidents
India,8.8811,76.5846,2,incidents
India,9.2666,76.7833,1,incidents
India,9.3715,78.8307,1,incidents
India,9.4499,77.7979,1,incidents
India,9.49,76.3264,2,incidents
India,9.5615,76.475,1,incidents
India,9.585,77.9578,1,incidents
India,9.5869,76.5213,2,incidents
India,9.85,76.9666,1,incidents
India,9.9398,76.2602,5,incidents
India,9.9671,76.2903,1,incidents
India,10.1076,76.3515,1,incidents
India,10.2932,76.5141,1,incidents
India,10.309,76.329,1,incidents
India,10.3606,78.9849,1,incidents
India,10.5166,76.2166,1,incidents
India,10.7744,76.6562,1,incidents
India,10.998,77.2828,1,incidents
India,11.0055,76.9661,1,incidents
India,11.0093,76.351,1,incidents
India,11.0401,76.0823,2,incidents
India,11.248,75.7804,6,incidents
India,11.7044,76.0827,1,incidents
India,11.7382,78.9632,1,incidents
India,11.8675,75.3576,1,incidents
India,11.9305,75.5749,1,incidents
India,11.9338,79.8297,1,incidents
India,11.9717,75.3614,1,incidents
India,12.2979,76.6392,1,incidents
India,12.4983,74.9895,1,incidents
India,12.5192,78.2138,1,incidents
India,12.7461,78.3423,1,incidents
India,12.8193,76.7545,1,incidents
India,12.9172,74.856,2,incidents
India,12.9421,80.0217,1,incidents
India,12.9719,77.5936,3,incidents
India,13.0071,76.0962,3,incidents
India,13.0878,80.2784,10,incidents
India,13.4351,77.7278,1,incidents
India,13.6355,79.4198,2,incidents
India,14.4194,78.225,1,incidents
India,14.4669,75.9269,1,incidents
India,14.4799,78.8234,3,incidents
India,14.6185,77.6047,1,incidents
India,14.6778,77.6081,2,incidents
India,14.9397,77.2613,1,incidents
India,15.4779,78.4836,1,incidents
India,15.5016,80.0409,1,incidents
India,15.8276,78.0338,3,incidents
India,15.8521,74.5044,1,incidents
India,16.226,77.8176,1,incidents
India,16.3673,78.0688,1,incidents
India,16.3942,74.1901,1,incidents
India,16.4355,80.9956,1,incidents
India,16.5074,80.6466,2,incidents
India,16.5298,79.5627,1,incidents
India,16.6571,73.5211,1,incidents
India,16.7438,77.9859,1,incidents
India,16.7738,78.1367,1,incidents
India,16.8244,75.7153,1,incidents
India,16.9066,73.7446,1,incidents
India,16.9313,78.2902,1,incidents
India,16.9915,73.3102,1,incidents
India,17.2476,80.1436,1,incidents
India,17.384,78.4563,17,incidents
India,17.4818,78.5366,1,incidents
India,17.5318,78.2674,1,incidents
India,17.551,80.6177,2,incidents
India,17.5941,80.3224,1,incidents
India,17.614,78.0812,1,incidents
India,17.8186,81.3802,1,incidents
India,17.8353,81.4281,1,incidents
India,17.8452,78.6818,1,incidents
India,17.9689,79.5941,2,incidents
India,18.0453,78.2607,1,incidents
India,18.0673,77.8162,1,incidents
India,18.1025,78.8516,1,incidents
India,18.1169,83.4114,1,incidents
India,18.1771,78.6654,1,incidents
India,18.2879,81.9698,1,incidents
India,18.3438,81.883,2,incidents
India,18.382,79.0454,1,incidents
India,18.4391,79.1286,1,incidents
India,18.5195,73.8553,2,incidents
India,18.7782,84.0939,1,incidents
India,18.7939,80.8159,2,incidents
India,18.8134,82.7125,2,incidents
India,18.8707,79.4286,1,incidents
India,18.9985,72.8364,3,incidents
India,19.0728,72.8826,1,incidents
India,19.0945,74.7384,1,incidents
India,19.0968,78.344,1,incidents
India,19.1713,83.4142,3,incidents
India,19.1767,73.0222,2,incidents
India,19.197,72.9635,1,incidents
India,19.228,82.5471,1,incidents
India,19.3115,84.7929,2,incidents
India,19.3417,82.5198,2,incidents
India,19.3585,79.2842,1,incidents
India,19.387,85.0507,1,incidents
India,19.4278,84.998,1,incidents
India,19.6681,85.4414,1,incidents
India,19.672,78.5359,3,incidents
India,19.8123,85.8317,2,incidents
India,19.9072,83.1615,1,incidents
India,20.003,85.6492,2,incidents
India,20.1285,85.0956,1,incidents
India,20.1886,85.6341,1,incidents
India,20.2557,86.1711,1,incidents
India,20.2719,81.4917,2,incidents
India,20.2724,85.8338,7,incidents
India,20.4636,85.8826,2,incidents
India,20.48,84.2332,1,incidents
India,20.5016,86.4222,4,incidents
India,20.6513,85.5975,1,incidents
India,20.6609,75.3476,1,incidents
India,20.7045,86.4705,1,incidents
India,20.7075,83.4831,1,incidents
India,20.8167,82.5333,1,incidents
India,20.8306,83.5956,1,incidents
India,20.8333,83.9166,1,incidents
India,20.8377,84.3261,1,incidents
India,20.8444,85.1511,1,incidents
India,20.8485,86.3372,1,incidents
India,20.9141,86.4468,1,incidents
India,21.0583,86.4957,2,incidents
India,21.2069,81.5802,1,incidents
India,21.2333,81.6333,3,incidents
India,21.3331,83.619,1,incidents
India,21.4615,86.758,4,incidents
India,21.4684,83.9866,1,incidents
India,21.4871,86.9246,1,incidents
India,21.5376,84.7337,1,incidents
India,21.5462,84.6034,1,incidents
India,21.6296,85.5934,2,incidents
India,21.6987,81.2653,1,incidents
India,21.8543,84.0108,1,incidents
India,21.9345,86.7285,1,incidents
India,22.1148,88.3217,2,incidents
India,22.1241,84.0426,1,incidents
India,22.1773,88.4255,1,incidents
India,22.198,88.2023,1,incidents
India,22.2916,70.7932,1,incidents
India,22.3103,88.6581,1,incidents
India,22.363,88.8762,1,incidents
India,22.4504,77.4665,1,incidents
India,22.5251,88.6088,1,incidents
India,22.5712,88.311,1,incidents
India,22.5728,88.3747,2,incidents
India,22.6334,88.4228,1,incidents
India,22.6467,88.3736,1,incidents
India,22.7179,75.8333,2,incidents
India,22.8648,85.328,1,incidents
India,22.8659,87.4123,1,incidents
India,23.2504,91.4679,1,incidents
India,23.2546,77.4028,4,incidents
India,23.2983,91.4104,1,incidents
India,23.3124,91.5615,1,incidents
India,23.3432,85.3094,3,incidents
India,23.4754,91.2659,1,incidents
India,23.5333,91.4833,1,incidents
India,23.5688,76.4721,1,incidents
India,23.5798,91.8352,1,incidents
India,23.6743,86.9517,1,incidents
India,23.7404,91.1667,1,incidents
India,23.833,91.2864,17,incidents
India,23.8462,91.3431,1,incidents
India,23.9071,91.3512,1,incidents
India,23.9358,91.8541,1,incidents
India,23.9969,85.3711,1,incidents
India,24.067,91.6057,1,incidents
India,24.1969,91.8334,1,incidents
India,24.2508,94.3007,1,incidents
India,24.3319,92.0039,1,incidents
India,24.3667,92.1667,2,incidents
India,24.3959,81.8812,2,incidents
India,24.4351,93.7985,1,incidents
India,24.4385,93.7214,1,incidents
India,24.4464,78.3188,2,incidents
India,24.4973,93.9821,1,incidents
India,24.5842,94.0769,1,incidents
India,24.6305,93.7597,1,incidents
India,24.6451,93.9955,1,incidents
India,24.6793,92.5602,1,incidents
India,24.687,83.0689,1,incidents
India,24.6901,78.4191,1,incidents
India,24.7277,83.3895,1,incidents
India,24.7992,93.9365,27,incidents
India,24.8075,93.1139,1,incidents
India,24.8334,92.7791,5,incidents
India,24.8652,92.3593,1,incidents
India,24.9491,84.0294,1,incidents
India,25.1808,80.8712,1,incidents
India,25.1981,93.8622,1,incidents
India,25.3166,83.0104,2,incidents
India,25.4165,86.1305,1,incidents
India,25.4658,78.7958,1,incidents
India,25.5793,91.8942,1,incidents
India,25.5833,83.5852,1,incidents
India,25.5941,85.1356,4,incidents
India,25.7127,83.547,1,incidents
India,25.7535,82.6868,1,incidents
India,25.7566,84.1488,7,incidents
India,25.7778,87.4746,1,incidents
India,25.9173,93.7214,1,incidents
India,25.9342,92.7088,1,incidents
India,25.9507,80.7629,1,incidents
India,25.9661,76.0834,1,incidents
India,26.0205,89.974,1,incidents
India,26.026,82.6957,1,incidents
India,26.0328,85.4538,1,incidents
India,26.094,92.6578,1,incidents
India,26.1055,89.8299,1,incidents
India,26.1109,84.5045,1,incidents
India,26.1433,91.7896,2,incidents
India,26.1643,90.6247,2,incidents
India,26.1849,91.6786,1,incidents
India,26.1892,91.7722,15,incidents
India,26.2309,81.2331,1,incidents
India,26.2328,90.2341,1,incidents
India,26.2528,92.3367,2,incidents
India,26.2735,92.4188,1,incidents
India,26.3001,91.6919,1,incidents
India,26.3225,90.6852,1,incidents
India,26.3469,92.6851,3,incidents
India,26.4016,90.2665,4,incidents
India,26.411,92.74,1,incidents
India,26.4162,92.8412,4,incidents
India,26.4373,91.6197,1,incidents
India,26.4448,91.4408,1,incidents
India,26.4674,90.4195,2,incidents
India,26.4775,92.838,1,incidents
India,26.4958,90.7029,2,incidents
India,26.5014,90.5366,2,incidents
India,26.5039,80.3778,1,incidents
India,26.512,91.1801,1,incidents
India,26.547,80.4878,1,incidents
India,26.5598,78.786,1,incidents
India,26.5611,88.5183,1,incidents
India,26.5741,91.976,2,incidents
India,26.6527,92.7938,2,incidents
India,26.6532,94.3301,1,incidents
India,26.6596,91.3413,1,incidents
India,26.7036,92.478,2,incidents
India,26.7257,93.1465,1,incidents
India,26.7272,88.3984,2,incidents
India,26.7326,92.923,1,incidents
India,26.7456,94.2045,6,incidents
India,26.799,82.2047,1,incidents
India,26.8026,92.7725,1,incidents
India,26.8392,80.9231,3,incidents
India,26.9005,94.7223,1,incidents
India,26.9828,94.6421,1,incidents
India,27.0869,93.6098,3,incidents
India,27.123,93.724,1,incidents
India,27.1833,78.0166,3,incidents
India,27.2848,95.6679,1,incidents
India,27.3575,95.323,2,incidents
India,27.3909,82.1806,1,incidents
India,27.4727,94.9121,2,incidents
India,27.486,95.1718,1,incidents
India,27.4923,95.3467,3,incidents
India,27.5487,93.8178,1,incidents
India,27.5664,95.5544,1,incidents
India,27.5742,81.5947,1,incidents
India,27.6395,95.6709,2,incidents
India,27.6636,80.4737,1,incidents
India,27.9482,80.7793,1,incidents
India,28.0663,95.3268,1,incidents
India,28.3077,78.9367,1,incidents
India,28.4404,74.4937,1,incidents
India,28.6193,77.233,2,incidents
India,28.6213,77.2067,4,incidents
India,28.6321,77.2244,6,incidents
India,28.6416,77.2397,1,incidents
India,28.657,77.2336,1,incidents
India,28.6653,77.4391,2,incidents
India,28.6866,77.283,2,incidents
India,28.7082,77.2595,1,incidents
India,28.7101,77.223,2,incidents
India,28.7123,77.1809,2,incidents
India,28.7158,77.0259,2,incidents
India,28.8389,78.7768,1,incidents
India,29.1539,75.7229,1,incidents
India,29.2225,79.5286,1,incidents
India,29.3157,76.315,1,incidents
India,29.5152,75.4555,1,incidents
India,29.8427,76.1137,1,incidents
India,30.245,75.8448,1,incidents
India,30.3229,78.0316,1,incidents
India,30.425,76.6866,1,incidents
India,30.6882,76.7062,1,incidents
India,30.7362,76.7884,5,incidents
India,31.0188,75.7911,1,incidents
India,31.2146,75.196,1,incidents
India,31.2245,75.7738,1,incidents
India,31.3255,75.5791,1,incidents
India,31.6344,74.8728,1,incidents
India,32.3867,75.5174,3,incidents
India,32.543,74.692,1,incidents
India,32.647,74.8151,1,incidents
India,32.7357,74.8691,1,incidents
India,32.9243,75.1357,2,incidents
India,32.9917,74.932,1,incidents
India,33.0495,74.4881,1,incidents
India,33.1454,75.5635,1,incidents
India,33.1599,74.2408,1,incidents
India,33.3716,74.3153,1,incidents
India,33.7165,74.8342,1,incidents
India,33.73,75.15,1,incidents
India,33.7703,74.0925,1,incidents
India,33.816,75.2138,1,incidents
India,33.8297,75.075,1,incidents
India,33.8741,74.9001,2,incidents
India,33.9908,74.6823,1,incidents
India,34.0152,74.7207,1,incidents
India,34.0611,74.4257,1,incidents
India,34.0857,74.8056,7,incidents
India,34.1004,74.8197,1,incidents
India,34.209,74.3429,2,incidents
India,34.4173,74.6431,1,incidents
Maldives,4.1748,73.5101,8,incidents
Nepal,26.4551,87.2701,12,incidents
Nepal,26.4626,87.4891,1,incidents
Nepal,26.5027,87.1275,2,incidents
Nepal,26.5125,87.8701,1,incidents
Nepal,26.5397,86.748,11,incidents
Nepal,26.544,88.0944,1,incidents
Nepal,26.5865,86.7484,1,incidents
Nepal,26.609,86.4285,1,incidents
Nepal,26.6146,87.0922,1,incidents
Nepal,26.6316,86.3009,1,incidents
Nepal,26.6318,86.3452,1,incidents
Nepal,26.6384,86.4391,1,incidents
Nepal,26.644,87.993,2,incidents
Nepal,26.6475,88.1547,1,incidents
Nepal,26.6492,85.8002,2,incidents
Nepal,26.6542,86.208,3,incidents
Nepal,26.6589,87.3454,1,incidents
Nepal,26.66,87.6976,3,incidents
Nepal,26.6637,87.274,2,incidents
Nepal,26.6675,87.4351,1,incidents
Nepal,26.6708,85.9858,1,incidents
Nepal,26.7202,86.4826,1,incidents
Nepal,26.7258,86.0948,1,incidents
Nepal,26.7288,85.9263,8,incidents
Nepal,26.7645,85.2784,5,incidents
Nepal,26.7919,86.699,5,incidents
Nepal,26.7925,86.3308,1,incidents
Nepal,26.798,86.0975,1,incidents
Nepal,26.8144,87.2797,5,incidents
Nepal,26.8253,86.2493,1,incidents
Nepal,26.8566,85.5594,1,incidents
Nepal,26.8609,85.7462,1,incidents
Nepal,26.8878,85.8185,1,incidents
Nepal,26.9094,87.9282,1,incidents
Nepal,26.9192,85.7814,1,incidents
Nepal,26.9471,85.1302,1,incidents
Nepal,26.9801,87.3453,2,incidents
Nepal,26.9807,85.2398,2,incidents
Nepal,26.9833,85.8936,1,incidents
Nepal,27.0,85.58,1,incidents
Nepal,27.0104,84.8774,15,incidents
Nepal,27.033,85.0032,5,incidents
Nepal,27.0434,85.3973,1,incidents
Nepal,27.1128,87.5369,1,incidents
Nepal,27.119,85.4927,2,incidents
Nepal,27.1452,87.7634,2,incidents
Nepal,27.15,85.9,1,incidents
Nepal,27.1715,87.0461,1,incidents
Nepal,27.216,86.7935,3,incidents
Nepal,27.2927,87.3208,1,incidents
Nepal,27.307,86.5093,1,incidents
Nepal,27.3571,87.6723,1,incidents
Nepal,27.3747,87.2039,2,incidents
Nepal,27.3778,86.069,2,incidents
Nepal,27.4284,85.0322,6,incidents
Nepal,27.5011,86.5869,2,incidents
Nepal,27.5035,83.4356,3,incidents
Nepal,27.5057,83.4163,1,incidents
Nepal,27.5333,83.6667,3,incidents
Nepal,27.5408,83.7938,1,incidents
Nepal,27.5445,83.0536,2,incidents
Nepal,27.572,85.5826,1,incidents
Nepal,27.605,84.5731,1,incidents
Nepal,27.6189,85.553,1,incidents
Nepal,27.6193,84.5201,1,incidents
Nepal,27.6201,83.4729,2,incidents
Nepal,27.6282,84.1056,2,incidents
Nepal,27.6325,85.5219,1,incidents
Nepal,27.6651,86.0477,2,incidents
Nepal,27.6721,82.8856,1,incidents
Nepal,27.673,85.4301,1,incidents
Nepal,27.6743,85.3183,4,incidents
Nepal,27.6768,84.4359,9,incidents
Nepal,27.6787,85.2775,1,incidents
Nepal,27.7006,83.4484,12,incidents
Nepal,27.7017,85.3206,78,incidents
Nepal,27.768,84.8602,1,incidents
Nepal,27.7759,85.7133,2,incidents
Nepal,27.8436,82.7736,1,incidents
Nepal,27.8673,83.5467,3,incidents
Nepal,27.9071,84.9337,1,incidents
Nepal,27.9139,85.1428,2,incidents
Nepal,27.9736,83.1334,2,incidents
Nepal,27.9761,84.268,1,incidents
Nepal,27.9973,84.6256,1,incidents
Nepal,28.0095,81.7132,1,incidents
Nepal,28.046,82.4879,6,incidents
Nepal,28.0577,81.6244,9,incidents
Nepal,28.0694,83.2454,2,incidents
Nepal,28.0955,83.8746,1,incidents
Nepal,28.0975,81.8793,1,incidents
Nepal,28.1029,82.8479,2,incidents
Nepal,28.1125,85.2992,1,incidents
Nepal,28.131,82.2973,2,incidents
Nepal,28.1449,84.4094,1,incidents
Nepal,28.1928,81.6845,1,incidents
Nepal,28.2301,84.3683,2,incidents
Nepal,28.2333,81.3333,2,incidents
Nepal,28.2336,83.6875,1,incidents
Nepal,28.2669,83.9685,12,incidents
Nepal,28.2719,83.5898,6,incidents
Nepal,28.3045,82.6353,2,incidents
Nepal,28.3454,83.5651,1,incidents
Nepal,28.3763,82.161,1,incidents
Nepal,28.5296,81.1266,2,incidents
Nepal,28.5338,84.2699,1,incidents
Nepal,28.5879,81.0749,1,incidents
Nepal,28.6019,81.6339,9,incidents
Nepal,28.6231,81.1586,1,incidents
Nepal,28.629,82.4553,1,incidents
Nepal,28.6356,82.6035,1,incidents
Nepal,28.6397,81.1425,1,incidents
Nepal,28.7079,80.5961,16,incidents
Nepal,28.7177,82.2019,2,incidents
Nepal,28.7844,83.7351,1,incidents
Nepal,28.7869,82.3907,1,incidents
Nepal,28.7997,80.5478,1,incidents
Nepal,28.8443,81.7101,2,incidents
Nepal,28.8523,81.7273,4,incidents
Nepal,28.8774,80.581,1,incidents
Nepal,28.9367,82.8989,1,incidents
Nepal,28.9639,80.1771,1,incidents
Nepal,29.0067,80.1696,4,incidents
Nepal,29.1382,81.2436,1,incidents
Nepal,29.15,81.6167,3,incidents
Nepal,29.2605,80.9318,1,incidents
Nepal,29.267,80.9711,1,incidents
Nepal,29.2705,81.0617,1,incidents
Nepal,29.2747,82.1838,1,incidents
Nepal,29.3053,80.6063,2,incidents
Nepal,29.3152,82.1756,1,incidents
Nepal,29.3648,81.333,1,incidents
Nepal,29.4469,81.4867,1,incidents
Nepal,29.5183,81.1594,2,incidents
Nepal,29.5444,82.1669,3,incidents
Nepal,29.5547,80.4267,2,incidents
Nepal,29.8424,80.5395,1,incidents
Nepal,29.9659,81.8273,5,incidents
Pakistan,24.2363,67.843,1,incidents
Pakistan,24.2827,70.7852,1,incidents
Pakistan,24.3585,70.7511,2,incidents
Pakistan,24.4666,69.584,1,incidents
Pakistan,24.4804,68.9855,3,incidents
Pakistan,24.5073,70.1598,3,incidents
Pakistan,24.5199,70.3692,1,incidents
Pakistan,24.5469,67.6279,5,incidents
Pakistan,24.6029,68.0789,21,incidents
Pakistan,24.6206,67.9607,3,incidents
Pakistan,24.6277,69.1822,2,incidents
Pakistan,24.6447,69.115,1,incidents
Pakistan,24.6566,68.8386,212,incidents
Pakistan,24.6589,69.294,2,incidents
Pakistan,24.6992,70.1816,3,incidents
Pakistan,24.7286,68.2602,5,incidents
Pakistan,24.7406,69.7991,8,incidents
Pakistan,24.7424,67.5856,5,incidents
Pakistan,24.7439,67.7694,2,incidents
Pakistan,24.7442,67.8902,1,incidents
Pakistan,24.7473,67.923,40,incidents
Pakistan,24.7833,67.5167,8,incidents
Pakistan,24.7889,68.9655,3,incidents
Pakistan,24.7931,68.1804,2,incidents
Pakistan,24.8069,67.1477,2,incidents
Pakistan,24.8167,67.0333,3,incidents
Pakistan,24.8299,70.4674,15,incidents
Pakistan,24.8404,67.1911,1,incidents
Pakistan,24.8542,67.016,43,incidents
Pakistan,24.8542,69.4036,4,incidents
Pakistan,24.8567,67.7724,1,incidents
Pakistan,24.8687,66.9946,1,incidents
Pakistan,24.8714,67.0499,3,incidents
Pakistan,24.8814,67.1611,2,incidents
Pakistan,24.8833,68.8166,7,incidents
Pakistan,24.8915,66.8254,2,incidents
Pakistan,24.8935,67.2004,6,incidents
Pakistan,24.9056,67.0822,214,incidents
Pakistan,24.9293,67.1279,3,incidents
Pakistan,24.9356,67.0405,1,incidents
Pakistan,24.9433,67.071,2,incidents
Pakistan,24.9507,67.1317,1,incidents
Pakistan,24.9578,69.3121,12,incidents
Pakistan,24.9678,68.6771,2,incidents
Pakistan,25.0064,67.129,2,incidents
Pakistan,25.0431,68.6556,5,incidents
Pakistan,25.0434,66.8187,4,incidents
Pakistan,25.1113,70.2586,2,incidents
Pakistan,25.1216,62.3254,1,incidents
Pakistan,25.1232,68.5354,12,incidents
Pakistan,25.1243,68.8901,1,incidents
Pakistan,25.151,69.1166,5,incidents
Pakistan,25.1533,69.1026,17,incidents
Pakistan,25.175,67.7996,2,incidents
Pakistan,25.1784,69.5691,4,incidents
Pakistan,25.2814,69.3962,3,incidents
Pakistan,25.2879,69.2511,6,incidents
Pakistan,25.2914,68.8119,2,incidents
Pakistan,25.3098,69.0501,4,incidents
Pakistan,25.3586,67.5833,2,incidents
Pakistan,25.3621,69.7339,36,incidents
Pakistan,25.3656,68.3083,14,incidents
Pakistan,25.3942,68.3736,235,incidents
Pakistan,25.4245,69.1554,2,incidents
Pakistan,25.4288,68.5408,9,incidents
Pakistan,25.4393,68.2902,43,incidents
Pakistan,25.4624,68.7166,16,incidents
Pakistan,25.4758,68.4035,1,incidents
Pakistan,25.5046,69.5713,1,incidents
Pakistan,25.5112,69.378,4,incidents
Pakistan,25.5178,69.2336,2,incidents
Pakistan,25.5316,69.003,195,incidents
Pakistan,25.5317,68.4161,2,incidents
Pakistan,25.5826,69.1133,1,incidents
Pakistan,25.6463,68.9094,1,incidents
Pakistan,25.6622,69.2508,2,incidents
Pakistan,25.6991,68.5619,12,incidents
Pakistan,25.7345,69.1766,2,incidents
Pakistan,25.7673,68.6504,4,incidents
Pakistan,25.7833,68.8573,1,incidents
Pakistan,25.7983,68.4945,4,incidents
Pakistan,25.813,68.4227,4,incidents
Pakistan,25.8185,68.9574,2,incidents
Pakistan,25.8256,69.3116,1,incidents
Pakistan,25.8268,69.3752,3,incidents
Pakistan,25.8758,68.4133,21,incidents
Pakistan,25.9253,68.6228,4,incidents
Pakistan,25.9553,68.8887,2,incidents
Pakistan,26.0001,63.0527,2,incidents
Pakistan,26.0305,68.8081,1,incidents
Pakistan,26.0465,68.9481,23,incidents
Pakistan,26.1385,68.2744,8,incidents
Pakistan,26.1591,68.6958,4,incidents
Pakistan,26.2483,68.4095,34,incidents
Pakistan,26.3026,68.0857,2,incidents
Pakistan,26.4006,68.0372,4,incidents
Pakistan,26.4179,67.8408,13,incidents
Pakistan,26.4552,68.3183,2,incidents
Pakistan,26.5015,67.9707,10,incidents
Pakistan,26.5563,67.7163,3,incidents
Pakistan,26.5734,67.9724,3,incidents
Pakistan,26.6645,68.0015,10,incidents
Pakistan,26.6921,67.6133,8,incidents
Pakistan,26.7232,67.7724,2,incidents
Pakistan,26.7328,67.7763,210,incidents
Pakistan,26.7728,68.2916,3,incidents
Pakistan,26.8283,69.0399,1,incidents
Pakistan,26.8511,68.1264,27,incidents
Pakistan,26.8629,67.7883,16,incidents
Pakistan,26.8706,67.9812,2,incidents
Pakistan,26.8741,68.0444,1,incidents
Pakistan,26.915,68.1064,1,incidents
Pakistan,26.9298,67.811,1,incidents
Pakistan,26.9584,67.8856,1,incidents
Pakistan,27.0591,68.2102,6,incidents
Pakistan,27.0685,68.6141,10,incidents
Pakistan,27.0747,68.9497,1,incidents
Pakistan,27.0867,68.3153,7,incidents
Pakistan,27.0906,67.7348,6,incidents
Pakistan,27.1008,65.5796,1,incidents
Pakistan,27.1032,68.4196,5,incidents
Pakistan,27.1033,68.5527,2,incidents
Pakistan,27.1769,68.2937,1,incidents
Pakistan,27.1806,67.8228,10,incidents
Pakistan,27.1916,67.8696,3,incidents
Pakistan,27.197,68.4909,10,incidents
Pakistan,27.1986,67.9534,1,incidents
Pakistan,27.2109,68.416,26,incidents
Pakistan,27.2879,68.505,2,incidents
Pakistan,27.3001,68.614,10,incidents
Pakistan,27.3069,68.3954,3,incidents
Pakistan,27.3333,68.0166,9,incidents
Pakistan,27.3415,68.7082,8,incidents
Pakistan,27.3515,68.5205,6,incidents
Pakistan,27.3714,68.0998,1,incidents
Pakistan,27.4477,67.7944,5,incidents
Pakistan,27.5202,69.0445,10,incidents
Pakistan,27.5271,68.7452,33,incidents
Pakistan,27.5534,68.0185,1,incidents
Pakistan,27.5568,68.553,1,incidents
Pakistan,27.5637,68.215,32,incidents
Pakistan,27.5866,68.7786,1,incidents
Pakistan,27.6393,68.7577,1,incidents
Pakistan,27.6452,68.7079,1,incidents
Pakistan,27.6491,68.8369,1,incidents
Pakistan,27.666,68.3425,1,incidents
Pakistan,27.6799,68.8993,2,incidents
Pakistan,27.6868,66.1915,1,incidents
Pakistan,27.6941,68.3394,1,incidents
Pakistan,27.7051,68.8573,216,incidents
Pakistan,27.7333,67.9166,3,incidents
Pakistan,27.7383,66.6433,1,incidents
Pakistan,27.7543,68.4518,2,incidents
Pakistan,27.7589,68.0922,1,incidents
Pakistan,27.8196,69.1442,1,incidents
Pakistan,27.8388,67.875,4,incidents
Pakistan,27.8455,69.4065,3,incidents
Pakistan,27.8486,68.6997,7,incidents
Pakistan,27.8561,69.1111,4,incidents
Pakistan,27.9063,68.5121,2,incidents
Pakistan,27.9161,69.5187,1,incidents
Pakistan,27.9542,68.1137,1,incidents
Pakistan,27.957,68.6378,30,incidents
Pakistan,28.0004,68.7279,2,incidents
Pakistan,28.0013,69.3193,37,incidents
Pakistan,28.0191,68.6256,3,incidents
Pakistan,28.0205,69.5523,7,incidents
Pakistan,28.046,69.4135,2,incidents
Pakistan,28.0536,69.7024,7,incidents
Pakistan,28.0574,67.9793,5,incidents
Pakistan,28.0579,68.1705,4,incidents
Pakistan,28.166,69.7317,2,incidents
Pakistan,28.2359,68.7564,6,incidents
Pakistan,28.2423,69.1842,10,incidents
Pakistan,28.2834,68.4387,210,incidents
Pakistan,28.4164,70.2998,12,incidents
Pakistan,28.4216,69.536,2,incidents
Pakistan,28.4253,69.9094,1,incidents
Pakistan,28.4294,69.6885,1,incidents
Pakistan,28.4326,69.5836,11,incidents
Pakistan,28.5187,68.5407,1,incidents
Pakistan,28.5467,68.223,1,incidents
Pakistan,29.1017,70.3246,1,incidents
Pakistan,29.2356,71.0498,1,incidents
Pakistan,29.3565,71.6841,140,incidents
Pakistan,29.7945,66.7206,1,incidents
Pakistan,29.8058,72.8568,1,incidents
Pakistan,29.8977,69.5256,1,incidents
Pakistan,29.9999,73.2562,1,incidents
Pakistan,30.0374,70.6383,5,incidents
Pakistan,30.0419,72.3527,5,incidents
Pakistan,30.0726,71.1938,5,incidents
Pakistan,30.1978,71.4697,192,incidents
Pakistan,30.1999,67.0097,36,incidents
Pakistan,30.3017,71.9321,1,incidents
Pakistan,30.3443,73.3678,4,incidents
Pakistan,30.6644,73.1083,4,incidents
Pakistan,30.7757,70.9349,1,incidents
Pakistan,30.8091,73.4225,6,incidents
Pakistan,30.8347,72.0777,1,incidents
Pakistan,30.8944,66.4681,2,incidents
Pakistan,30.9658,70.9381,2,incidents
Pakistan,30.9686,72.4659,143,incidents
Pakistan,31.0299,73.852,2,incidents
Pakistan,31.0612,72.9585,1,incidents
Pakistan,31.1209,74.4131,5,incidents
Pakistan,31.2689,72.2613,5,incidents
Pakistan,31.3332,73.418,3,incidents
Pakistan,31.3817,74.1732,6,incidents
Pakistan,31.3862,73.2174,1,incidents
Pakistan,31.4018,74.3606,1,incidents
Pakistan,31.4166,73.0833,31,incidents
Pakistan,31.4488,73.6882,2,incidents
Pakistan,31.4739,74.476,1,incidents
Pakistan,31.5134,74.3467,138,incidents
Pakistan,31.5497,74.3436,79,incidents
Pakistan,31.5577,74.4349,1,incidents
Pakistan,31.5785,74.2903,20,incidents
Pakistan,31.588,74.3948,1,incidents
Pakistan,31.6252,71.0657,1,incidents
Pakistan,31.7217,73.9769,3,incidents
Pakistan,31.8025,74.2394,1,incidents
Pakistan,31.8326,70.9024,9,incidents
Pakistan,31.9027,73.254,2,incidents
Pakistan,31.9753,74.223,3,incidents
Pakistan,32.0678,73.6854,12,incidents
Pakistan,32.0836,72.6711,8,incidents
Pakistan,32.1004,74.8608,3,incidents
Pakistan,32.1661,74.1701,17,incidents
Pakistan,32.2147,70.3773,6,incidents
Pakistan,32.2636,75.1601,1,incidents
Pakistan,32.3011,69.5799,3,incidents
Pakistan,32.4101,69.3499,1,incidents
Pakistan,32.4742,70.0026,1,incidents
Pakistan,32.4926,74.5313,29,incidents
Pakistan,32.568,69.8291,1,incidents
Pakistan,32.5728,74.0789,17,incidents
Pakistan,32.574,71.5263,3,incidents
Pakistan,32.5833,73.4843,1,incidents
Pakistan,32.6057,70.9113,5,incidents
Pakistan,32.6242,74.0164,1,incidents
Pakistan,32.6411,74.2056,1,incidents
Pakistan,32.7038,73.959,1,incidents
Pakistan,32.9049,73.7551,1,incidents
Pakistan,32.9308,72.8554,1,incidents
Pakistan,32.9331,73.7264,5,incidents
Pakistan,32.9861,70.6074,7,incidents
Pakistan,33.0001,70.0698,1,incidents
Pakistan,33.1175,71.0935,5,incidents
Pakistan,33.2431,72.2673,1,incidents
Pakistan,33.3377,73.4483,1,incidents
Pakistan,33.4491,71.5439,12,incidents
Pakistan,33.5319,71.0595,12,incidents
Pakistan,33.6007,73.0679,185,incidents
Pakistan,33.6827,70.9589,1,incidents
Pakistan,33.7214,73.0432,69,incidents
Pakistan,33.748,70.9629,1,incidents
Pakistan,33.7731,72.3741,6,incidents
Pakistan,33.7969,71.5586,1,incidents
Pakistan,33.802,72.9066,1,incidents
Pakistan,33.9158,71.4218,3,incidents
Pakistan,33.9991,71.3646,2,incidents
Pakistan,34.0011,72.9372,2,incidents
Pakistan,34.0013,71.4225,1,incidents
Pakistan,34.0158,71.9812,16,incidents
Pakistan,34.0185,72.6577,1,incidents
Pakistan,34.0197,71.5822,222,incidents
Pakistan,34.0508,71.6062,1,incidents
Pakistan,34.0579,71.7207,1,incidents
Pakistan,34.0802,71.1943,1,incidents
Pakistan,34.1021,71.6152,1,incidents
Pakistan,34.1087,71.1827,1,incidents
Pakistan,34.1138,71.1672,4,incidents
Pakistan,34.1198,72.4698,6,incidents
Pakistan,34.1468,73.2144,31,incidents
Pakistan,34.1532,71.7066,4,incidents
Pakistan,34.1808,71.8872,1,incidents
Pakistan,34.2019,72.0525,9,incidents
Pakistan,34.2123,72.2962,1,incidents
Pakistan,34.219,71.5539,2,incidents
Pakistan,34.2214,72.2422,1,incidents
Pakistan,34.2819,71.9283,1,incidents
Pakistan,34.2821,72.3815,1,incidents
Pakistan,34.3233,71.3911,6,incidents
Pakistan,34.3355,73.2026,12,incidents
Pakistan,34.37,73.4708,2,incidents
Pakistan,34.3934,71.8982,1,incidents
Pakistan,34.3943,72.6151,1,incidents
Pakistan,34.4597,71.911,1,incidents
Pakistan,34.5138,71.6737,1,incidents
Pakistan,34.5869,73.4032,1,incidents
Pakistan,34.6178,71.9724,2,incidents
Pakistan,34.637,71.6115,1,incidents
Pakistan,34.6565,72.0295,1,incidents
Pakistan,34.6766,73.0271,1,incidents
Pakistan,34.7323,71.5338,1,incidents
Pakistan,34.7725,72.3605,5,incidents
Pakistan,34.8277,71.8416,4,incidents
Pakistan,34.8649,72.7105,1,incidents
Pakistan,34.8721,72.4095,1,incidents
Pakistan,34.9054,72.2048,2,incidents
Pakistan,34.9292,72.4146,2,incidents
Pakistan,35.2066,71.8763,4,incidents
Pakistan,35.2287,72.0468,1,incidents
Pakistan,35.2611,73.2765,2,incidents
Pakistan,35.8462,71.7858,6,incidents
Pakistan,35.9186,74.3124,3,incidents
Sri Lanka,6.4544,80.7388,1,incidents
Sri Lanka,6.7144,79.988,1,incidents
Sri Lanka,6.7994,80.665,1,incidents
Sri Lanka,6.8714,81.3487,1,incidents
Sri Lanka,6.8736,79.9037,1,incidents
Sri Lanka,6.883,79.9071,1,incidents
Sri Lanka,6.9177,79.8742,1,incidents
Sri Lanka,6.9271,79.8665,1,incidents
Sri Lanka,6.9319,79.8478,8,incidents
Sri Lanka,6.9425,79.8583,1,incidents
Sri Lanka,7.2165,81.8538,1,incidents
Sri Lanka,7.2439,80.1212,1,incidents
Sri Lanka,7.2975,81.682,1,incidents
Sri Lanka,7.3454,79.8386,1,incidents
Sri Lanka,7.4863,80.3623,2,incidents
Sri Lanka,7.7102,81.6924,15,incidents
Sri Lanka,7.7782,81.6038,1,incidents
Sri Lanka,8.5711,81.2335,1,incidents
Sri Lanka,8.7514,80.4971,1,incidents
Sri Lanka,9.268,80.815,4,incidents
Sri Lanka,9.3121,80.7869,1,incidents
Sri Lanka,9.3961,80.3982,3,incidents
Sri Lanka,9.6333,79.9,1,incidents
Sri Lanka,9.6685,80.0074,9,incidents
Sri Lanka,9.7666,80.1,1,incidents
Bangladesh,22.3571,91.7823,6,fatalities
Bangladesh,22.3683,90.3458,2,fatalities
Bangladesh,22.705,90.3701,3,fatalities
Bangladesh,22.9511,89.8224,1,fatalities
Bangladesh,23.171,90.2094,2,fatalities
Bangladesh,23.2271,90.6543,3,fatalities
Bangladesh,23.26,90.83,5,fatalities
Bangladesh,23.5517,90.5345,6,fatalities
Bangladesh,23.5534,91.129,1,fatalities
Bangladesh,23.6173,90.5283,1,fatalities
Bangladesh,23.7196,90.4432,19,fatalities
Bangladesh,23.7244,90.4809,4,fatalities
Bangladesh,23.7317,90.3959,8,fatalities
Bangladesh,23.7333,90.4125,14,fatalities
Bangladesh,23.7362,90.3835,8,fatalities
Bangladesh,23.7435,90.3737,5,fatalities
Bangladesh,23.7454,90.4023,1,fatalities
Bangladesh,23.7626,90.3913,6,fatalities
Bangladesh,23.7728,90.3751,3,fatalities
Bangladesh,23.7931,90.3629,3,fatalities
Bangladesh,23.8486,90.25,6,fatalities
Bangladesh,23.8577,90.0096,2,fatalities
Bangladesh,23.8613,89.242,1,fatalities
Bangladesh,23.869,90.3942,6,fatalities
Bangladesh,23.917,90.0752,1,fatalities
Bangladesh,23.924,90.2114,11,fatalities
Bangladesh,23.9746,91.1123,1,fatalities
Bangladesh,23.9984,90.4223,2,fatalities
Bangladesh,24.2498,89.9166,2,fatalities
Bangladesh,24.5073,89.5273,8,fatalities
Bangladesh,24.7864,91.36,1,fatalities
Bangladesh,24.8002,89.0417,1,fatalities
Bangladesh,24.899,91.872,11,fatalities
Bangladesh,25.0937,91.7487,3,fatalities
Bangladesh,25.1849,89.8693,1,fatalities
Bangladesh,25.7466,89.2516,9,fatalities
Bangladesh,25.8115,89.6428,2,fatalities
Bangladesh,26.021,88.4677,2,fatalities
Bangladesh,26.3334,88.5578,2,fatalities
India,12.9421,80.0217,1,fatalities
India,15.4779,78.4836,1,fatalities
India,16.6571,73.5211,1,fatalities
India,18.7939,80.8159,1,fatalities
India,23.5688,76.4721,1,fatalities
India,25.4165,86.1305,1,fatalities
India,25.4658,78.7958,1,fatalities
India,25.7566,84.1488,1,fatalities
India,25.9507,80.7629,1,fatalities
India,26.026,82.6957,1,fatalities
India,26.0328,85.4538,1,fatalities
India,26.1892,91.7722,1,fatalities
India,26.4162,92.8412,1,fatalities
India,26.5039,80.3778,1,fatalities
India,26.547,80.4878,1,fatalities
India,26.7456,94.2045,1,fatalities
India,26.8026,92.7725,1,fatalities
India,27.3909,82.1806,2,fatalities
India,27.5487,93.8178,1,fatalities
India,27.6395,95.6709,1,fatalities
India,27.6636,80.4737,1,fatalities
India,27.9482,80.7793,9,fatalities
India,28.6653,77.4391,1,fatalities
Nepal,27.7006,83.4484,4,fatalities
Nepal,27.7017,85.3206,2,fatalities
Pakistan,24.5469,67.6279,1,fatalities
Pakistan,24.6206,67.9607,1,fatalities
Pakistan,24.6566,68.8386,1,fatalities
Pakistan,24.8935,67.2004,1,fatalities
Pakistan,25.0434,66.8187,1,fatalities
Pakistan,26.0001,63.0527,1,fatalities
Pakistan,26.8511,68.1264,1,fatalities
Pakistan,27.0685,68.6141,1,fatalities
Pakistan,27.1008,65.5796,1,fatalities
Pakistan,27.1032,68.4196,1,fatalities
Pakistan,27.3001,68.614,1,fatalities
Pakistan,27.5202,69.0445,1,fatalities
Pakistan,27.5568,68.553,1,fatalities
Pakistan,27.6868,66.1915,1,fatalities
Pakistan,27.7051,68.8573,1,fatalities
Pakistan,27.7383,66.6433,3,fatalities
Pakistan,28.0205,69.5523,1,fatalities
Pakistan,28.0574,67.9793,1,fatalities
Pakistan,29.7945,66.7206,1,fatalities
Pakistan,29.8977,69.5256,1,fatalities
Pakistan,30.1999,67.0097,1,fatalities
Pakistan,30.3017,71.9321,1,fatalities
Pakistan,30.8347,72.0777,1,fatalities
Pakistan,31.5785,74.2903,1,fatalities
Pakistan,31.8326,70.9024,1,fatalities
Pakistan,33.1175,71.0935,1,fatalities
Pakistan,33.3377,73.4483,1,fatalities
Pakistan,34.0579,71.7207,1,fatalities
Pakistan,34.0802,71.1943,1,fatalities
Pakistan,34.219,71.5539,1,fatalities
Pakistan,34.4597,71.911,1,fatalities
Pakistan,34.8721,72.4095,1,fatalities
Pakistan,34.9292,72.4146,2,fatalities
